Comando,NomeCat,IDProduto,CodProd,NomeProd,Peso,Descricao,DescrLonga,DescrURL,URLTarget,Estoque,EstoqueMinimo,Disponivel,ICMS,Custo,Preco,PrecoProm,PrecoB2B,PrecoB2BProm,DataPromInicio,DataPromFim,Lancamento,EmDestaque,ImagemProd,ImagemDet,ImagemAmp,Adicional1,Adicional2,Adicional3,AdicionalD1,AdicionalD2,AdicionalD3,Cores,OrdemProd,IDProdutoPai,RamoProd,MaisProd,DataVencimento,DiasAvisoVencimento,DiasReposicao,IDParceiroProd,DescrHTM,MetaKeywordsProd,MaxParcelasProd,XMLParcelasProd,CodBarrasProd,Embalavel,IsProdutoGrande,LarguraProd,AlturaProd,ProfundidadeProd,CodVideo,ProdMPN,TitleProd,URLProd,VendaConjunta,MetaDescriptionProd,IDsFiltroItem
A,- Pasta de Amendoim,5811775,4600,"Pasta de Amendoim Integral 1,02kg Mandubim",1.1,A Pasta de Amendoim Integral Mandubim é produzida com matéria-prima de qualidade e grãos de amendoim selecionados. Ela não contém adição de açúcar nem Glúten.,,,True,13,5,True,0,13.28,17,15.3,0,0,01/11/2017,04/03/2030,False,False,pote-integral-grande.png,pote-integral-grande.png,pote-integral-grande.png,,,,Mandubim,2007.99.90,7898126320859,,225,,2,,23/04/2018,60,30,48577,,"Pasta de Amendoim,Integral,1,02kg,Mandubim",3,3,7898126320859,True,False,13,13,13,,4600,"Pasta de Amendoim Integral 1,02kg Mandubim",pasta-de-amendoim-integral-1,5692033,A Pasta de Amendoim Integral Mandubim é produzida com matéria-prima de qualidade e grãos de amendoim selecionados. Ela não contém adição de açúcar,92847
A,- Pasta de Amendoim,5811774,5352,Pasta de Amendoim com Whey Protein e Avelã 450g Mandubim,0.55,A Pasta de Amendoim Integral Mandubim é produzida com matéria-prima de qualidade e grãos de amendoim selecionados. Ela não contém adição de açúcar nem Glúten.,,,True,6,5,True,0,28.27,36.8,35,0,0,01/11/2017,04/03/2030,False,False,pasta-de-amendoim-whey-protein.jpg,pasta-de-amendoim-whey-protein.jpg,pasta-de-amendoim-whey-protein.jpg,,,,Mandubim,2007.99.90,7898126320927,,255,,2,,31/08/2019,60,30,48577,,"Pasta de Amendoim,Whey Protein,Avelã,450g,Mandubim",3,3,7898126320927,True,False,10,11,10,,5352,Pasta de Amendoim com Whey Protein e Avelã 450g Mandubim,pasta-de-amendoim-whey,5692033,A Pasta de Amendoim Integral Mandubim é produzida com matéria-prima de qualidade e grãos de amendoim selecionados. Ela não contém adição de açúcar,92847
A,- Pasta de Amendoim,5811776,5898,"Pasta de Amendoim com Granulado 1,02kg Mandubim",1,A Pasta de Amendoim Integral Mandubim é produzida com matéria-prima de qualidade e grãos de amendoim selecionados. Ela não contém adição de açúcar nem Glúten.,,,True,33,5,True,0,13.28,17,15.3,0,0,01/11/2017,04/03/2030,False,False,AmendoimGranulado1Kg.png,AmendoimGranulado1Kg.png,AmendoimGranulado1Kg.png,,,,Mandubim,2007.99.90,7898126320941,,220,,2,,20/04/2018,60,30,48577,,"pasta de amendoim,granulado,1,02kg,mandubim",3,3,7898126320941,True,False,13,13,13,,5898,"Pasta de Amendoim com Granulado 1,02kg Mandubim",pasta-de-amendoim-granulado-1,5692033,A Pasta de Amendoim Integral Mandubim é produzida com matéria-prima de qualidade e grãos de amendoim selecionados. Ela não contém adição de açúcar,92847
A,- Pasta de Amendoim,5925047,4552K2,2 unid - Pasta de Amendoim Granulado s açúcar 450g Mandubim,1.2,A Pasta de Amendoim Integral Mandubim é produzida com matéria-prima de qualidade e grãos de amendoim selecionados. Ela não contém adição de açúcar nem Glúten.,,,True,0,5,True,0,13.2,26.4,30.5,0,0,17/02/2018,04/03/2030,False,False,AmendoimGranulado1Kg.png,AmendoimGranulado1Kg.png,AmendoimGranulado1Kg.png,,,,Mandubim,2007.99.90,7898126320873,,219,,2,,27/04/2018,60,30,48577,,"pasta de amendoim,granulado,1,02kg,mandubim",3,3,7898126320873,True,False,15,26,26,,4552,"Pasta de Amendoim com Granulado 1,02kg Mandubim",pasta-de-amendoim-granulado-2,5692033,A Pasta de Amendoim Integral Mandubim é produzida com matéria-prima de qualidade e grãos de amendoim selecionados. Ela não contém adição de açúcar,92847
A,- Pasta de Amendoim,5925046,4552K3,3 unid - Pasta de Amendoim Granulado s açúcar 450g Mandubim,1.8,A Pasta de Amendoim Integral Mandubim é produzida com matéria-prima de qualidade e grãos de amendoim selecionados. Ela não contém adição de açúcar nem Glúten.,,,True,0,5,True,0,19.8,39.6,45.8,0,0,17/02/2018,04/03/2030,False,False,AmendoimGranulado1Kg.png,AmendoimGranulado1Kg.png,AmendoimGranulado1Kg.png,,,,Mandubim,2007.99.90,7898126320873,,219,,2,,27/04/2018,60,30,48577,,"pasta de amendoim,granulado,1,02kg,mandubim",3,3,7898126320873,True,False,15,26,26,,4552,"Pasta de Amendoim com Granulado 1,02kg Mandubim",pasta-de-amendoim-granulado-3,5692033,A Pasta de Amendoim Integral Mandubim é produzida com matéria-prima de qualidade e grãos de amendoim selecionados. Ela não contém adição de açúcar,92847
A,- Pasta de Amendoim,5925048,4600K12,"12 unid - Pasta de Amendoim Integral 1,02kg Mandubim",15,A Pasta de Amendoim Integral Mandubim é produzida com matéria-prima de qualidade e grãos de amendoim selecionados. Ela não contém adição de açúcar nem Glúten.,,,True,2,5,True,6,159.36,187.1,187.1,0,0,17/02/2018,04/03/2030,False,False,pote-integral-grande.png,pote-integral-grande.png,pote-integral-grande.png,,,,Mandubim,2007.99.90,7898126320859,,224,,2,,23/04/2018,60,30,48577,,"Pasta de Amendoim,Integral,1,02kg,Mandubim",3,3,7898126320859,True,False,15,26,26,,4600,"Pasta de Amendoim Integral 1,02kg Mandubim",pasta-de-amendoim-integral-12,5692033,A Pasta de Amendoim Integral Mandubim é produzida com matéria-prima de qualidade e grãos de amendoim selecionados. Ela não contém adição de açúcar,92847
A,- Pasta de Amendoim,5925051,4600K2,"2 unid - Pasta de Amendoim Integral 1,02kg Mandubim",2.4,A Pasta de Amendoim Integral Mandubim é produzida com matéria-prima de qualidade e grãos de amendoim selecionados. Ela não contém adição de açúcar nem Glúten.,,,True,2,5,True,1,26.56,33.2,33.2,0,0,17/02/2018,04/03/2030,False,False,pote-integral-grande.png,pote-integral-grande.png,pote-integral-grande.png,,,,Mandubim,2007.99.90,7898126320859,,224,,2,,23/04/2018,60,30,48577,,"Pasta de Amendoim,Integral,1,02kg,Mandubim",3,3,7898126320859,True,False,15,26,26,,4600,"Pasta de Amendoim Integral 1,02kg Mandubim",pasta-de-amendoim-integral-2,5692033,A Pasta de Amendoim Integral Mandubim é produzida com matéria-prima de qualidade e grãos de amendoim selecionados. Ela não contém adição de açúcar,92847
A,- Pasta de Amendoim,5925050,4600K3,"3 unid - Pasta de Amendoim Integral 1,02kg Mandubim",4,A Pasta de Amendoim Integral Mandubim é produzida com matéria-prima de qualidade e grãos de amendoim selecionados. Ela não contém adição de açúcar nem Glúten.,,,True,2,5,True,2,39.84,49.4,49.4,0,0,17/02/2018,04/03/2030,False,False,pote-integral-grande.png,pote-integral-grande.png,pote-integral-grande.png,,,,Mandubim,2007.99.90,7898126320859,,224,,2,,23/04/2018,60,30,48577,,"Pasta de Amendoim,Integral,1,02kg,Mandubim",3,3,7898126320859,True,False,15,26,26,,4600,"Pasta de Amendoim Integral 1,02kg Mandubim",pasta-de-amendoim-integral-3,5692033,A Pasta de Amendoim Integral Mandubim é produzida com matéria-prima de qualidade e grãos de amendoim selecionados. Ela não contém adição de açúcar,92847
A,- Pasta de Amendoim,5925049,4600K6,"6 unid - Pasta de Amendoim Integral 1,02kg Mandubim",7,A Pasta de Amendoim Integral Mandubim é produzida com matéria-prima de qualidade e grãos de amendoim selecionados. Ela não contém adição de açúcar nem Glúten.,,,True,2,5,True,4,79.68,95.87,95.87,0,0,17/02/2018,04/03/2030,False,False,pote-integral-grande.png,pote-integral-grande.png,pote-integral-grande.png,,,,Mandubim,2007.99.90,7898126320859,,224,,2,,23/04/2018,60,30,48577,,"Pasta de Amendoim,Integral,1,02kg,Mandubim",3,3,7898126320859,True,False,15,26,26,,4600,"Pasta de Amendoim Integral 1,02kg Mandubim",pasta-de-amendoim-integral-6,5692033,A Pasta de Amendoim Integral Mandubim é produzida com matéria-prima de qualidade e grãos de amendoim selecionados. Ela não contém adição de açúcar,92847
A,- Pasta de Amendoim,5692035,MAND01,Pasta de Amendoim c/ Mel Orgânico 450g Mandubim,0.5,A Pasta de Amendoim Integral Mandubim é produzida com matéria-prima de qualidade e grãos de amendoim selecionados. Ela não contém adição de açúcar nem Glúten.,"Produto Rico em Proteína e baixo carboidrato.
 
Alem de tudo, o amendoim é rico em aminoácidos, vitamina E e ácidos graxos poliinsaturados.
 
É ideal para todos os tipos de dietas, seja hipercalórica ou hipocalórica. 
 
Benefícios da Pasta de Amendoim Integral:
 
- Sem colesterol como todo produto de origem vegetal 
- Contem alto teor de vitamina E, poderoso antioxidante
- Livre de gordura trans
- Não contém glúten
- Não contém açúcar
- Ideal para todo tipo de dieta
 
Importante: A validade das pastas é de 6 meses após a data de fabricação.",,True,12,5,True,0,9.28,12.5,12.05,0,0,19/10/2017,04/03/2030,True,True,MAND01.PNG,MAND01P.PNG,MAND01P.PNG,,,,Mandubim,2007.99.90,7898126320866,,245,,2,,27/04/2018,60,30,48577,,"pasta de amendoim,mel,mel organico,mandubim",3,3,7898126320866,True,False,10,11,10,,4550,Pasta de Amendoim c/ Mel Orgânico 500g Mandubim,pasta-de-amendoim-c-mel-organico-500g-mandubim,5692033,A Pasta de Amendoim Integral Mandubim é produzida com matéria-prima de qualidade e grãos de amendoim selecionados. Ela não contém adição de açúcar,92847
A,- Pasta de Amendoim,5692034,MAND02,Pasta De Amendoim C/ Avelã E Cacau 480g Mandubim,0.48,A Pasta de Amendoim Integral Mandubim é produzida com matéria-prima de qualidade e grãos de amendoim selecionados. Ela não contém adição de açúcar nem Glúten.,"Produto Rico em Proteína e baixo carboidrato.
 
Alem de tudo, o amendoim é rico em aminoácidos, vitamina E e ácidos graxos poliinsaturados.
 
É ideal para todos os tipos de dietas, seja hipercalórica ou hipocalórica. 
 
Benefícios da Pasta de Amendoim Integral:
 
- Sem colesterol como todo produto de origem vegetal 
- Contem alto teor de vitamina E, poderoso antioxidante
- Livre de gordura trans
- Não contém glúten
- Não contém açúcar
- Ideal para todo tipo de dieta
 
Importante: A validade das pastas é de 6 meses após a data de fabricação.",,True,47,5,True,0,9.5,13.85,13.4,0,0,01/10/2017,04/03/2030,True,True,MAND2.PNG,MAND2D.PNG,MAND2D.PNG,,,,Mandubim,2007.99.90,7898126320897,,255,,2,,20/04/2018,60,30,48577,,"pasta de amendoim,avelã,cacau,mandubim",3,3,7898126320897,True,False,10,11,10,,4727,Pasta De Amendoim C/ Avelã E Cacau 480gMandubim,pasta-de-amendoim-c-avela-e-cacau-480g-mandubim,,A Pasta de Amendoim Integral Mandubim é produzida com matéria-prima de qualidade e grãos de amendoim selecionados. Ela não contém adição de açúcar,92847
A,- Pasta de Amendoim,5692033,MAND03,Pasta de Amendoim com Avelã e Coco 450g Mandubim,0.5,A Pasta de Amendoim Integral Mandubim é produzida com matéria-prima de qualidade e grãos de amendoim selecionados. Ela não contém adição de açúcar nem Glúten.,"Produto Rico em Proteína e baixo carboidrato.
 
Alem de tudo, o amendoim é rico em aminoácidos, vitamina E e ácidos graxos poliinsaturados.
 
É ideal para todos os tipos de dietas, seja hipercalórica ou hipocalórica. 
 
Benefícios da Pasta de Amendoim Integral:
 
- Sem colesterol como todo produto de origem vegetal 
- Contem alto teor de vitamina E, poderoso antioxidante
- Livre de gordura trans
- Não contém glúten
- Não contém açúcar
- Ideal para todo tipo de dieta
 
Importante: A validade das pastas é de 6 meses após a data de fabricação.",,True,0,5,True,0,11.57,15.2,14.3,0,0,01/10/2017,04/03/2030,True,True,MAND03.PNG,MAND03.PNG,MAND03.PNG,,,,Mandubim,2007.99.90,7898126320934,,250,,2,,20/04/2018,60,30,48577,,"pasta de amendoim,avelã,coco,mandubim",3,3,7898126320934,True,False,10,11,10,,5466,Pasta de Amendoim com Avelã e Coco 450g Mandubim,pasta-de-amendoim-com-avela-e-coco-450g-mandubim,5692033,A Pasta de Amendoim Integral Mandubim é produzida com matéria-prima de qualidade e grãos de amendoim selecionados. Ela não contém adição de açúcar,92847
A,- Pasta de Amendoim,5697085,MAND04,Paçoca Rolha Mandubim 20g,0.05,A Pasta de Amendoim Integral Mandubim é produzida com matéria-prima de qualidade e grãos de amendoim selecionados. Ela não contém adição de açúcar nem Glúten.,,,True,0,5,True,0,0,0.5,0.45,0,0,01/11/2017,04/03/2030,False,False,pacocarolha.PNG,pacocarolha.PNG,pacocarolha.PNG,,,,Mandubim,2007.99.90,7898126320453,,0,,2,,,60,30,48577,,,3,3,7898126320453,True,False,0.3,4,3,,Mandubim,Paçoca RolhaMandubim 20g,pacoca-rolha-mandubim-20g,,A Pasta de Amendoim Integral Mandubim é produzida com matéria-prima de qualidade e grãos de amendoim selecionados. Ela não contém adição de açúcar,92847
A,- Pasta de Amendoim,5784850,MAND05,Pasta de Amendoim Integral 450g Mandubim,0.45,A Pasta de Amendoim Integral Mandubim é produzida com matéria-prima de qualidade e grãos de amendoim selecionados. Ela não contém adição de açúcar nem Glúten.,,,True,15,5,True,0,8,11,9.75,0,0,01/10/2017,04/03/2030,True,True,pote-integral-pequeno.png,pote-integral-pequeno.png,pote-integral-pequeno.png,,,,Mandubim,2007.99.90,7898126320842,,235,,2,,13/04/2018,60,30,48577,,"pasta de amendoim,integral,mandubim",3,3,7898126320842,True,False,10,11,10,,3391,Pasta de Amendoim Integral 450g Mandubim,pasta-de-amendoim-integral-450g-mandubim,5692033,A Pasta de Amendoim Integral Mandubim é produzida com matéria-prima de qualidade e grãos de amendoim selecionados. Ela não contém adição de açúcar,92847
A,- Pasta de Amendoim,5784849,MAND06,Pasta de Amendoim Granulado s açúcar 450g Mandubim,0.55,A Pasta de Amendoim Integral Mandubim é produzida com matéria-prima de qualidade e grãos de amendoim selecionados. Ela não contém adição de açúcar nem Glúten.,,,True,64,5,True,0,6.6,8.9,8.09,0,0,01/10/2017,04/03/2030,False,False,pasta-amendoim-preto-500x500.png,pasta-amendoim-preto-500x500.png,pasta-amendoim-preto-500x500.png,,,,Mandubim,2007.99.90,7898126320873,,230,,2,,27/04/2018,60,30,48577,,"pasta de amendoim,granulado,mandubim",3,3,7898126320873,True,False,10,11,10,,4552,Pasta de Amendoim Granulado s açúcar 450g Madubim,pasta-de-amendoim-granulado-s-acucar-450g-madubim,5692033,A Pasta de Amendoim Integral Mandubim é produzida com matéria-prima de qualidade e grãos de amendoim selecionados. Ela não contém adição de açúcar,92847
A,- Pasta de Amendoim,5785678,MAND07,Pasta de Amendoim com Doce de Leite e Coco 450g Mandubim,0.55,A Pasta de Amendoim Integral Mandubim é produzida com matéria-prima de qualidade e grãos de amendoim selecionados. Ela não contém adição de açúcar nem Glúten.,,,True,10,5,True,0,8,15,13,0,0,01/10/2017,04/03/2030,False,True,pote-doce-leite-pequeno.png,pote-doce-leite-pequeno.png,pote-doce-leite-pequeno.png,,,,Mandubim,2007.99.90,7898126320903,,240,,2,,20/04/2018,60,30,48577,,"Pasta de Amendoim,Doce de Leite,Coco,450g,Mandubim",3,3,7898126320903,True,False,10,11,10,,5012,Pasta de Amendoim com Doce de Leite e Coco 450g Mandubim,pasta-de-amendoim-com-doce-de-leite-e-coco-450g-mandubim,5692033,A Pasta de Amendoim Integral Mandubim é produzida com matéria-prima de qualidade e grãos de amendoim selecionados. Ela não contém adição de açúcar,92847
A,Novidades,5992104,PA.00.0034,Creatine 150G Max Titanium,0.238,,,,True,4,5,True,0,16.61,33.22,0,0,0,26/02/2018,04/03/2030,False,False,PA.00.0034P.PNG,PA.00.0034D.PNG,PA.00.0034A.PNG,,,,Max Titanium,,7898920041455,,0,,2,,02/01/2020,60,30,48577,,,3,3,7898920041455,True,False,9,10,9,,PA.00.0034,,,,,92864
A,Novidades,5992110,PA.01.08.006,4:1:1 Bcaa Drink Maracuja 280G Max Titanium,0.399,,,,True,4,5,True,0,52.21,104.42,0,0,0,26/02/2018,04/03/2030,False,False,PA.01.08.006P.PNG,PA.01.08.006D.PNG,PA.01.08.006A.PNG,,,,Max Titanium,,7898944775268,,0,,2,,02/01/2020,60,30,48577,,,3,3,7898944775268,True,False,11,11,11,,PA.01.08.0006,,,,,92864
A,Novidades,5992107,PA.02.00.0016,Bcaa 2400Mg 100 Caps Pote Max Titanium,0.12,,,,True,4,5,True,0,23.71,47.42,0,0,0,26/02/2018,04/03/2030,False,False,PA.02.00.0016P.PNG,PA.02.00.0016D.PNG,PA.02.00.0016A.PNG,,,,Max Titanium,,7898920041592,,0,,2,,02/04/2021,60,30,48577,,,3,3,7898920041592,True,False,6,12,6,,PA.02.00.0016,,,,,92864
A,Novidades,5992106,PA.02.00.0018,Bcaa 2400Mg 200 Caps Pote Max Titanium,0.213,,,,True,4,5,True,0,39.91,79.82,0,0,0,26/02/2018,04/03/2030,False,False,PA.02.00.0018P.PNG,PA.02.00.0018D.PNG,PA.02.00.0018A.PNG,,,,Max Titanium,,7898920041608,,0,,2,,01/10/2021,60,30,48577,,,3,3,7898920041608,True,False,7,14,7,,PA.02.00.0018,,,,,92864
A,Novidades,5992114,PA.02.10.0012,New Up Maca Verde 600G Max Titanium,0.837,,,,True,4,5,True,0,40.95,81.9,0,0,0,26/02/2018,04/03/2030,False,False,PA.02.10.0012P.PNG,PA.02.10.0012D.PNG,PA.02.10.0012A.PNG,,,,Max Titanium,,7898629560073,,0,,2,,06/12/2019,60,30,48577,,,3,3,7898629560073,True,False,14,19,14,,PA.02.10.0012,,,,,92864
A,Novidades,5992121,PA.04.11.0053,Whey Blend 900G Baunilha Max Titanium,1.22,,,,True,4,5,True,0,46.15,92.3,0,0,0,26/02/2018,04/03/2030,False,False,PA.04.11.0053P.PNG,PA.04.11.0053D.PNG,PA.04.11.0053A.PNG,,,,Max Titanium,,7898944774469,,0,,2,,05/07/2019,60,30,48577,,,3,3,7898944774469,True,False,16,25,16,,PA.04.11.0053,,,,,92864
A,Novidades,5992120,PA.04.11.0055,Whey Blend 900G Chocolate Max Titanium,1.22,,,,True,4,5,True,0,46.15,92.3,0,0,0,26/02/2018,04/03/2030,False,False,PA.04.11.0055P.PNG,PA.04.11.0055D.PNG,PA.04.11.0055A.PNG,,,,Max Titanium,,7898944774445,,0,,2,,05/05/2020,60,30,48577,,,3,3,7898944774445,True,False,16,25,16,,PA.04.11.0055,,,,,92864
A,Novidades,5992119,PA.04.11.0056,Whey Blend 900G Morango Max Titanium,1.22,,,,True,4,5,True,0,46.15,92.3,0,0,0,26/02/2018,04/03/2030,False,False,PA.04.11.0056P.PNG,PA.04.11.0056D.PNG,PA.04.11.0056A.PNG,,,,Max Titanium,,7898944774452,,0,,2,,04/09/2019,60,30,48577,,,3,3,7898944774452,True,False,16,25,16,,PA.04.11.0056,,,,,92864
A,Novidades,5992130,PA.04.11.0229,Top Whey 3W 900G Maca Verde Max Titanium,1.22,,,,True,4,5,True,0,79.7,159.4,0,0,0,26/02/2018,04/03/2030,False,False,PA.04.11.0229P.PNG,PA.04.11.0229D.PNG,PA.04.11.0229A.PNG,,,,Max Titanium,,7898629560394,,0,,2,,05/09/2020,60,30,48577,,,3,3,7898629560394,True,False,16,25,16,,PA.04.11.0229,,,,,92864
A,Novidades,5992133,PA.04.11.0394,Top Whey 3W 900G Cafe Leite Max Titanium,1.22,,,,True,4,5,True,0,79.7,159.4,0,0,0,26/02/2018,04/03/2030,False,False,PA.04.11.0394P.PNG,PA.04.11.0394D.PNG,PA.04.11.0394A.PNG,,,,Max Titanium,,7898629560806,,0,,2,,07/02/2021,60,30,48577,,,3,3,7898629560806,True,False,16,25,16,,PA.04.11.0394,,,,,92864
A,Novidades,5992131,PA.04.11.0395,Top Whey 3W 900G Creme Avela Max Titanium,1.22,,,,True,8,5,True,0,79.7,159.4,0,0,0,26/02/2018,04/03/2030,False,False,PA.04.11.0395P.PNG,PA.04.11.0395D.PNG,PA.04.11.0395A.PNG,,,,Max Titanium,,7898629560790,,0,,2,,05/07/2021,60,30,48577,,,3,3,7898629560790,True,False,16,25,16,,PA.04.11.0395,,,,,92864
A,Novidades,5992128,PA.04.11.0396,Top Whey 3W 900G Mousse Maracuja Max Titanium,1.22,,,,True,4,5,True,0,79.7,159.4,0,0,0,26/02/2018,04/03/2030,False,False,PA.04.11.0396P.PNG,PA.04.11.0396D.PNG,PA.04.11.0396A.PNG,,,,Max Titanium,,7898629560820,,0,,2,,05/07/2021,60,30,48577,,,3,3,7898629560820,True,False,16,25,16,,PA.04.11.0396,,,,,92864
A,Novidades,5992127,PA.04.11.0410,Top Whey 3W 900G Suc De Laranja Max Titanium,1.22,,,,True,4,5,True,0,79.7,159.4,0,0,0,26/02/2018,04/03/2030,False,False,PA.04.11.0410P.PNG,PA.04.11.0410D.PNG,PA.04.11.0410A.PNG,,,,Max Titanium,,7898629560844,,0,,2,,05/04/2021,60,30,48577,,,3,3,7898629560844,True,False,16,25,16,,PA.04.11.0410,,,,,92864
A,Novidades,5992125,PA.04.12.0004,Whey Blend 2Kg Baunilha Max Titanium,2.22,,,,True,3,5,True,0,78.6,157.2,0,0,0,26/02/2018,04/03/2030,False,False,PA.04.12.0004P.PNG,PA.04.12.0004D.PNG,PA.04.12.0004A.PNG,,,,Max Titanium,,7898944774490,,0,,2,,05/05/2020,60,30,48577,,,3,3,7898944774490,True,False,30,42,12,,PA.04.12.0004,,,,,92864
A,Novidades,5992124,PA.04.12.0005,Whey Blend 2Kg Chocolate Max Titanium,2.22,,,,True,3,5,True,0,78.6,157.2,0,0,0,26/02/2018,04/03/2030,False,False,PA.04.12.0005P.PNG,PA.04.12.0005D.PNG,PA.04.12.0005A.PNG,,,,Max Titanium,,7898944774476,,0,,2,,05/08/2019,60,30,48577,,,3,3,7898944774476,True,False,30,42,12,,PA.04.12.0005,,,,,92864
A,Novidades,5992123,PA.04.12.0006,Whey Blend 2Kg Morango Max Titanium,2.22,,,,True,3,5,True,0,78.6,157.2,0,0,0,26/02/2018,04/03/2030,False,False,PA.04.12.0006P.PNG,PA.04.12.0006D.PNG,PA.04.12.0006A.PNG,,,,Max Titanium,,7898944774483,,0,,2,,05/07/2019,60,30,48577,,,3,3,7898944774483,True,False,30,42,12,,PA.04.12.0006,,,,,92864
A,Novidades,5992122,PA.04.12.0158,Whey Blend 2Kg Vitamina De Frutas Max Titanium,2.22,,,,True,3,5,True,0,78.6,157.2,0,0,0,26/02/2018,04/03/2030,False,False,PA.04.12.0158P.PNG,PA.04.12.0158D.PNG,PA.04.12.0158A.PNG,,,,Max Titanium,,7898629560769,,0,,2,,11/11/2019,60,30,48577,,,3,3,7898629560769,True,False,30,42,12,,PA.04.12.0158,,,,,92864
A,Novidades,5992136,PA.04.21.0040,Iso Drink S Agua De Coco 480Ml Max Titanium,0.551,,,,True,4,5,True,0,8.5,17,0,0,0,26/02/2018,04/03/2030,False,False,PA.04.21.0040P.PNG,PA.04.21.0040D.PNG,PA.04.21.0040A.PNG,,,,Max Titanium,,7898629560707,,0,,2,,01/11/2019,60,30,48577,,,3,3,7898629560707,True,False,6,20,6,,PA.04.21.0040,,,,,92864
A,Novidades,5992135,PA.04.21.0041,Iso Drink S Maracuja 480Ml Max Titanium,0.551,,,,True,4,5,True,0,8.5,17,0,0,0,26/02/2018,04/03/2030,False,False,PA.04.21.0041P.PNG,PA.04.21.0041D.PNG,PA.04.21.0041A.PNG,,,,Max Titanium,,7898629560738,,0,,2,,09/03/2019,60,30,48577,,,3,3,7898629560738,True,False,6,20,6,,PA.04.21.0041,,,,,92864
A,Novidades,5992137,PA.04.21.0042,Iso Drink Morango Com Banana Max Titanium,0.551,,,,True,4,5,True,0,8.5,17,0,0,0,26/02/2018,04/03/2030,False,False,PA.04.21.0042P.PNG,PA.04.21.0042D.PNG,PA.04.21.0042A.PNG,,,,Max Titanium,,7898629560745,,0,,2,,01/11/2019,60,30,48577,,,3,3,7898629560745,True,False,6,20,6,,PA.04.21.0042,,,,,92864
A,Novidades,5992098,PA.06.19.0000U,Barra De Proteina Max Bar Coco 33G Max Titanium,0.04,,,,True,4,5,True,0,2,4,0,0,0,26/02/2018,04/03/2030,False,False,PA.06.19.0000UP.PNG,PA.06.19.0000UD.PNG,PA.06.19.0000UA.PNG,,,,Max Titanium,,7898629560578,,0,,2,,01/02/2021,60,30,48577,,,3,3,7898629560578,True,False,3,12,1,,PA.06.19.0000,,,,,92864
A,Novidades,5992099,PA.06.19.0001U,Barra De Proteina Max Bar Chocolate 33G Max Titanium,0.04,,,,True,4,5,True,0,2,4,0,0,0,26/02/2018,04/03/2030,False,False,PA.06.19.0001UP.PNG,PA.06.19.0001UD.PNG,PA.06.19.0001UA.PNG,,,,Max Titanium,,7898629560585,,0,,2,,01/10/2019,60,30,48577,,,3,3,7898629560585,True,False,3,12,1,,PA.06.19.0001,,,,,92864
A,Novidades,5992097,PA.06.19.0002U,Barra De Proteina Max Bar Morango 33G Max Titanium,0.04,,,,True,4,5,True,0,2,4,0,0,0,26/02/2018,04/03/2030,False,False,PA.06.19.0002UP.PNG,PA.06.19.0002UD.PNG,PA.06.19.0002UA.PNG,,,,Max Titanium,,7898629560592,,0,,2,,11/11/2019,60,30,48577,,,3,3,7898629560592,True,False,3,12,1,,PA.06.19.0002,,,,,92864
A,Novidades,5992102,PA.07.00.0006,L-G Max Titanium 150G Max Titanium,0.236,,,,True,4,5,True,0,30.51,61.02,0,0,0,26/02/2018,04/03/2030,False,False,PA.07.00.0006P.PNG,PA.07.00.0006D.PNG,PA.07.00.0006A.PNG,,,,Max Titanium,,7898920041943,,0,,2,,02/05/2020,60,30,48577,,,3,3,7898920041943,True,False,9,10,9,,PA.07.00.0006,,,,,92864
A,Novidades,5992101,PA.07.00.0007,L-G Max Titanium 300G Max Titanium,0.418,,,,True,4,5,True,0,50.88,101.76,0,0,0,26/02/2018,04/03/2030,False,False,PA.07.00.0007P.PNG,PA.07.00.0007D.PNG,PA.07.00.0007A.PNG,,,,Max Titanium,,7898920041868,,0,,2,,02/01/2021,60,30,48577,,,3,3,7898920041868,True,False,11,11,11,,PA.07.00.0007,,,,,92864
A,Novidades,5992112,PA.09.22.0000,Femini Cut 30 Caps Max Titanium,0.066,,,,True,4,5,True,0,33.62,67.24,0,0,0,26/02/2018,04/03/2030,False,False,PA.09.22.0000P.PNG,PA.09.22.0000D.PNG,PA.09.22.0000A.PNG,,,,Max Titanium,,7898629560417,,0,,2,,04/12/2020,60,30,48577,,,3,3,7898629560417,True,False,5,11,5,,PA.09.22.0000,,,,,92864
A,Novidades,5992113,PA.09.23.0000,Active Man 60 Caps Max Titanium,0.091,,,,True,4,5,True,0,61.83,123.66,0,0,0,26/02/2018,04/03/2030,False,False,PA.09.23.0000P.PNG,PA.09.23.0000D.PNG,PA.09.23.0000A.PNG,,,,Max Titanium,,7898629560431,,0,,2,,08/12/2019,60,30,48577,,,3,3,7898629560431,True,False,6,11,6,,PA.09.23.0000,,,,,92864
A,Novidades,5992145,PA.10.02.0002,Mass Titanium Baunilha 3Kg Ref Max Titanium,3.224,,,,True,3,5,True,0,37.56,75.12,0,0,0,26/02/2018,04/03/2030,False,False,PA.10.02.0002P.PNG,PA.10.02.0002D.PNG,PA.10.02.0002A.PNG,,,,Max Titanium,,7898920041318,,0,,2,,08/09/2019,60,30,48577,,,3,3,7898920041318,True,False,29,42,12,,PA.10.02.0002,,,,,92864
A,Novidades,5992100,PA.10.04.0001,Omega 3 90 Caps Max Titanium,0.145,,,,True,8,5,True,0,17.95,35.9,0,0,0,26/02/2018,04/03/2030,False,False,PA.10.04.0001P.PNG,PA.10.04.0001D.PNG,PA.10.04.0001A.PNG,,,,Max Titanium,,7898944775022,,0,,2,,08/01/2020,60,30,48577,,,3,3,7898944775022,True,False,8,8,8,,PA.10.04.0001,,,,,92864
A,Novidades,5992144,PA.10.04.0014,Mass Titanium Chocolate 3Kg Refil Max Titanium,3.224,,,,True,3,5,True,0,37.56,75.12,0,0,0,26/02/2018,04/03/2030,False,False,PA.10.04.0014P.PNG,PA.10.04.0014D.PNG,PA.10.04.0014A.PNG,,,,Max Titanium,,7898920041219,,0,,2,,07/01/2021,60,30,48577,,,3,3,7898920041219,True,False,29,42,12,,PA.10.04.0014,,,,,92864
A,Novidades,5992143,PA.10.07.0014,Mass Titanium Leite Condensado 3Kg Refil Max Titanium,3.224,,,,True,3,5,True,0,37.56,75.12,0,0,0,26/02/2018,04/03/2030,False,False,PA.10.07.0014P.PNG,PA.10.07.0014D.PNG,PA.10.07.0014A.PNG,,,,Max Titanium,,7898920041301,,0,,2,,07/03/2021,60,30,48577,,,3,3,7898920041301,True,False,29,42,12,,PA.10.07.0014,,,,,92864
A,Novidades,5992142,PA.10.08.0014,Mass Titanium Morango 3Kg Refil Max Titanium,3.224,,,,True,3,5,True,0,37.56,75.12,0,0,0,26/02/2018,04/03/2030,False,False,PA.10.08.0014P.PNG,PA.10.08.0014D.PNG,PA.10.08.0014A.PNG,,,,Max Titanium,,7898920041226,,0,,2,,08/05/2018,60,30,48577,,,3,3,7898920041226,True,False,29,42,12,,PA.10.08.0014,,,,,92864
A,Novidades,5992141,PA.10.12.0014,Mass Titanium Vitamina De Frutas 3Kg Refil Max Titanium,3.224,,,,True,3,5,True,0,37.56,75.12,0,0,0,26/02/2018,04/03/2030,False,False,PA.10.12.0014P.PNG,PA.10.12.0014D.PNG,PA.10.12.0014A.PNG,,,,Max Titanium,,7898920041233,,0,,2,,08/09/2019,60,30,48577,,,3,3,7898920041233,True,False,29,42,12,,PA.10.12.0014,,,,,92864
A,Novidades,5992095,PA.10.23.0004,"Pasta De Amendoim Crocante 1,005Kg Max Titanium",1.17,,,,True,8,5,True,0,12.59,25.18,0,0,0,26/02/2018,04/03/2030,False,False,PA.10.23.0004P.PNG,PA.10.23.0004D.PNG,PA.10.23.0004A.PNG,,,,Max Titanium,,7898629560714,,0,,2,,09/12/2018,60,30,48577,,,3,3,7898629560714,True,False,12,13,12,,PA.10.23.0004,,,,,92864
A,Novidades,5992134,PA.106.02.0012,Top Whey 3W 900G Baunilha Max Titanium,1.22,,,,True,8,5,True,0,79.7,159.4,0,0,0,26/02/2018,04/03/2030,False,False,PA.106.02.0012P.PNG,PA.106.02.0012D.PNG,PA.106.02.0012A.PNG,,,,Max Titanium,,7898944774032,,0,,2,,08/02/2020,60,30,48577,,,3,3,7898944774032,True,False,16,25,16,,PA.106.02.0012,,,,,92864
A,Novidades,5992132,PA.106.04.0012,Top Whey 3W 900G Chocolate Max Titanium,1.22,,,,True,8,5,True,0,79.7,159.4,0,0,0,26/02/2018,04/03/2030,False,False,PA.106.04.0012P.PNG,PA.106.04.0012D.PNG,PA.106.04.0012A.PNG,,,,Max Titanium,,7898944774025,,0,,2,,08/01/2019,60,30,48577,,,3,3,7898944774025,True,False,16,25,16,,PA.106.04.0012,,,,,92864
A,Novidades,5992129,PA.106.08.0012,Top Whey 3W 900G Morango Max Titanium,1.22,,,,True,8,5,True,0,79.7,159.4,0,0,0,26/02/2018,04/03/2030,False,False,PA.106.08.0012P.PNG,PA.106.08.0012D.PNG,PA.106.08.0012A.PNG,,,,Max Titanium,,7898944774018,,0,,2,,07/12/2019,60,30,48577,,,3,3,7898944774018,True,False,16,25,16,,PA.106.08.0012,,,,,92864
A,Novidades,5992126,PA.106.12.0012,Top Whey 3W 900G Vitamina De Frutas Max Titanium,1.22,,,,True,8,5,True,0,79.7,159.4,0,0,0,26/02/2018,04/03/2030,False,False,PA.106.12.0012P.PNG,PA.106.12.0012D.PNG,PA.106.12.0012A.PNG,,,,Max Titanium,,7898944774049,,0,,2,,08/02/2019,60,30,48577,,,3,3,7898944774049,True,False,16,25,16,,PA.106.12.0012,,,,,92864
A,Novidades,5992105,PA.109.00.0016,Colagen 100 Caps Max Titanium,0.118,,,,True,8,5,True,0,16.16,32.32,0,0,0,26/02/2018,04/03/2030,False,False,PA.109.00.0016P.PNG,PA.109.00.0016D.PNG,PA.109.00.0016A.PNG,,,,Max Titanium,,7898944774360,,0,,2,,02/04/2021,60,30,48577,,,3,3,7898944774360,True,False,8,8,8,,PA.109.00.0016,,,,,92864
A,Novidades,5992118,PA.14.02.0008,Whey Pro Baunilha 1Kg Pote Max Titanium,1.32,,,,True,4,5,True,0,42.25,84.5,0,0,0,26/02/2018,04/03/2030,False,False,PA.14.02.0008P.PNG,PA.14.02.0008D.PNG,PA.14.02.0008A.PNG,,,,Max Titanium,,7898944774278,,0,,2,,07/02/2021,60,30,48577,,,3,3,7898944774278,True,False,16,25,16,,PA.14.02.0008,,,,,92864
A,Novidades,5992117,PA.14.04.0008,Whey Pro Chocolate 1Kg Pote Max Titanium,1.32,,,,True,4,5,True,0,42.25,84.5,0,0,0,26/02/2018,04/03/2030,False,False,PA.14.04.0008P.PNG,PA.14.04.0008D.PNG,PA.14.04.0008A.PNG,,,,Max Titanium,,7898944774254,,0,,2,,08/09/2019,60,30,48577,,,3,3,7898944774254,True,False,16,25,16,,PA.14.04.0008,,,,,92864
A,Novidades,5992116,PA.14.08.0008,Whey Pro Morango 1Kg Pote Max Titanium,1.32,,,,True,4,5,True,0,42.25,84.5,0,0,0,26/02/2018,04/03/2030,False,False,PA.14.08.0008P.PNG,PA.14.08.0008D.PNG,PA.14.08.0008A.PNG,,,,Max Titanium,,7898944774261,,0,,2,,08/03/2020,60,30,48577,,,3,3,7898944774261,True,False,16,25,16,,PA.14.08.0008,,,,,92864
A,Novidades,5992115,PA.14.12.0008,Whey Pro Vitamina De Frutas 1Kg Pote Max Titanium,1.32,,,,True,4,5,True,0,42.25,84.5,0,0,0,26/02/2018,04/03/2030,False,False,PA.14.12.0008P.PNG,PA.14.12.0008D.PNG,PA.14.12.0008A.PNG,,,,Max Titanium,,7898944774285,,0,,2,,07/02/2021,60,30,48577,,,3,3,7898944774285,True,False,16,25,16,,PA.14.12.0008,,,,,92864
A,Novidades,5992090,PA.15.00.0015,ZMA 90 Caps Pote Max Titanium,0.111,,,,True,8,5,True,0,30.51,61.02,0,0,0,26/02/2018,04/03/2030,False,False,PA.15.00.0015P.PNG,PA.15.00.0015D.PNG,PA.15.00.0015A.PNG,,,,Max Titanium,,7898920041936,,0,,2,,02/12/2020,60,30,48577,,,3,3,7898920041936,True,False,6,12,6,,PA.15.00.0015,,,,,92864
A,Novidades,5992096,PA.35.36.0107,Top Choco Max Titanium Cx C/15 Max Titanium,0.428,,,,True,4,5,True,0,41.2,82.4,0,0,0,26/02/2018,04/03/2030,False,False,PA.35.36.0107P.PNG,PA.35.36.0107D.PNG,PA.35.36.0107A.PNG,,,,Max Titanium,,7898920041585,,0,,2,,11/03/2020,60,30,48577,,,3,3,7898920041585,True,False,12,6,10,,PA.35.36.0107,,,,,92864
A,Novidades,5992108,PA.372.11.0083,4:1:1 Bcaa Drink Uva 280G Max Titanium,0.399,,,,True,4,5,True,0,52.21,104.42,0,0,0,26/02/2018,04/03/2030,False,False,PA.372.11.0083P.PNG,PA.372.11.0083D.PNG,PA.372.11.0083A.PNG,,,,Max Titanium,,7898920041172,,0,,2,,12/05/2019,60,30,48577,,,3,3,7898920041172,True,False,11,11,11,,PA.372.11.0083,,,,,92864
A,Novidades,5992109,PA.372.13.0083,4:1:1 Bcaa Drink Limao 280G Max Titanium,0.399,,,,True,4,5,True,0,52.21,104.42,0,0,0,26/02/2018,04/03/2030,False,False,PA.372.13.0083P.PNG,PA.372.13.0083D.PNG,PA.372.13.0083A.PNG,,,,Max Titanium,,7898920041189,,0,,2,,12/05/2019,60,30,48577,,,3,3,7898920041189,True,False,11,11,11,,PA.372.13.0083,,,,,92864
A,Novidades,5992091,PA.394.00.0062,Multimax Complex 90 Caps Max Titanium,0.137,,,,True,8,5,True,0,23.81,47.62,0,0,0,26/02/2018,04/03/2030,False,False,PA.394.00.0062P.PNG,PA.394.00.0062D.PNG,PA.394.00.0062A.PNG,,,,Max Titanium,,7898920041158,,0,,2,,02/07/2020,60,30,48577,,,3,3,7898920041158,True,False,6,12,6,,PA.394.00.0062,,,,,92864
A,Novidades,5992094,PA.468.04.0091,Max Shake 400G Chocolate Max Titanium,0.629,,,,True,4,5,True,0,18.36,36.72,0,0,0,26/02/2018,04/03/2030,False,False,PA.468.04.0091P.PNG,PA.468.04.0091D.PNG,PA.468.04.0091A.PNG,,,,Max Titanium,,7898920041479,,0,,2,,01/10/2020,60,30,48577,,,3,3,7898920041479,True,False,14,19,14,,PA.468.04.0091,,,,,92864
A,Novidades,5992093,PA.469.08.0091,Max Shake 400G Morango Max Titanium,0.629,,,,True,4,5,True,0,18.36,36.72,0,0,0,26/02/2018,04/03/2030,False,False,PA.469.08.0091P.PNG,PA.469.08.0091D.PNG,PA.469.08.0091A.PNG,,,,Max Titanium,,7898920041462,,0,,2,,01/10/2020,60,30,48577,,,3,3,7898920041462,True,False,14,19,14,,PA.469.08.0091,,,,,92864
A,Novidades,5992092,PA.470.12.0091,Max Shake 400G Vitamina De Frutas Max Titanium,0.629,,,,True,4,5,True,0,18.36,36.72,0,0,0,26/02/2018,04/03/2030,False,False,PA.470.12.0091P.PNG,PA.470.12.0091D.PNG,PA.470.12.0091A.PNG,,,,Max Titanium,,7898920041042,,0,,2,,12/11/2018,60,30,48577,,,3,3,7898920041042,True,False,14,19,14,,PA.470.12.0091,,,,,92864
A,Novidades,5992139,PA.471.04.0012,Femini Whey 900G Chocolate Max Titanium,1.22,,,,True,4,5,True,0,71.5,143,0,0,0,26/02/2018,04/03/2030,False,False,PA.471.04.0012P.PNG,PA.471.04.0012D.PNG,PA.471.04.0012A.PNG,,,,Max Titanium,,7898920041493,,0,,2,,04/02/2021,60,30,48577,,,3,3,7898920041493,True,False,16,25,16,,PA.471.04.0012,,,,,92864
A,Novidades,5992138,PA.472.08.0012,Femini Whey 900G Morango Max Titanium,1.103,,,,True,4,5,True,0,71.5,143,0,0,0,26/02/2018,04/03/2030,False,False,PA.472.08.0012P.PNG,PA.472.08.0012D.PNG,PA.472.08.0012A.PNG,,,,Max Titanium,,7898920041486,,0,,2,,04/03/2021,60,30,48577,,,3,3,7898920041486,True,False,16,25,16,,PA.472.08.0012,,,,,92864
A,Novidades,5992140,PA.603.02.0012,Femini Whey 900G Baunilha Max Titanium,1.103,,,,True,4,5,True,0,71.5,143,0,0,0,26/02/2018,04/03/2030,False,False,PA.603.02.0012P.PNG,PA.603.02.0012D.PNG,PA.603.02.0012A.PNG,,,,Max Titanium,,7898920041820,,0,,2,,05/02/2019,60,30,48577,,,3,3,7898920041820,True,False,16,25,16,,PA.603.02.0012,,,,,92864
A,Novidades,5992103,PA.61.00.0035,Creatine 300G Max Titanium,0.419,,,,True,4,5,True,0,25.61,51.22,0,0,0,26/02/2018,04/03/2030,False,False,PA.61.00.0035P.PNG,PA.61.00.0035D.PNG,PA.61.00.0035A.PNG,,,,Max Titanium,,7898920041448,,0,,2,,02/06/2020,60,30,48577,,,3,3,7898920041448,True,False,11,11,11,,PA.61.00.0035,,,,,92864
A,Novidades,5992111,PA.01.08.005,4:1:1 Bcaa Drink Laranja 280G Max Titanium,0.3,,,,True,4,5,True,0,52.21,104.42,0,0,0,26/02/2018,04/03/2030,False,False,PA.01.08.005P.PNG,PA.01.08.005D.PNG,PA.01.08.005A.PNG,,,,Max Titanium,,7898944775251,,0,,2,,02/06/2020,60,30,48577,,,3,3,7898944775251,True,False,11,11,11,,PA.01.08.0005,,,,,92864
A,Novidades,5992159,76394B,Veganpro Bar Sabor Baunilha Nibs Un Nutrify,0.04,"Barra de proteínas vegetais orgânicas, fibras e compostos bioativos dos alimentos, adoçada com estévia e xilitol.","Barra de proteínas vegetais orgânicas, fibras e compostos bioativos dos alimentos, adoçada com estévia e xilitol. Além de promover um aumento da ingestão desses importantes nutrientes na dieta de modo prático, contribui também para favorecer a saciedade. Display com 10 unidades.",,True,10,5,True,0,5.79,10.7,10.16,0,0,26/02/2018,04/03/2030,True,True,76394BP.PNG,76394BP.PNG,76394BP.PNG,,,,Nutrify,,7896311763948,,250,,2,,,60,30,48577,,,3,3,7896311763948,True,False,2,3,11,,76394,Veganpro Bar Sabor Baunilha Nibs Un Nutrify,Veganpro-Bar-Baunilha,,"Barra de proteínas vegetais orgânicas, fibras e compostos bioativos dos alimentos, adoçada com estévia e xilitol.","92851,92857,92858,92859,92860,92861,92862,92863,92865,92848"
A,Novidades,5992158,76395B,Veganpro Bar Sabor Cacau Nibs Un Nutrify,0.04,"Barra de proteínas vegetais orgânicas, fibras e compostos bioativos dos alimentos, adoçada com estévia e xilitol.","Barra de proteínas vegetais orgânicas, fibras e compostos bioativos dos alimentos, adoçada com estévia e xilitol. Além de promover um aumento da ingestão desses importantes nutrientes na dieta de modo prático, contribui também para favorecer a saciedade. Display com 10 unidades.",,True,10,5,True,0,5.79,10.7,10.16,0,0,26/02/2018,04/03/2030,True,True,76395BP.PNG,76395BP.PNG,76395BP.PNG,,,,Nutrify,,7896311763955,,250,,2,,,60,30,48577,,,3,3,7896311763955,True,False,2,3,11,,76395,Veganpro Bar Sabor Cacau Nibs Un Nutrify,Veganpro-Bar-Cacau,,"Barra de proteínas vegetais orgânicas, fibras e compostos bioativos dos alimentos, adoçada com estévia e xilitol.","92851,92857,92858,92859,92860,92861,92862,92863,92865,92848"
A,Novidades,5992177,76377,Whey Protein Sabor Baunilha 450g Nutrify,0.546,Whey Protein Nutrify oferece um blend proteico de alto valor biológico composto por proteína isolada do soro de leite e proteína hidrolisada do soro de leite,"Um corpo forte e saudável pede uma dieta rica em proteínas. Whey Protein Nutrify oferece um blend proteico de alto valor biológico composto por proteína isolada do soro de leite e proteína hidrolisada do soro de leite, ricas em aminoácidos essenciais, de rápida digestão e com baixos teores de lactose e gordura. A presença da chia, alto teor de fibras, ômega 3, minerais e antioxidantes, enriquecem ainda mais o valor nutricional da fórmula. Whey Protein Nutrify utiliza estévia, taumatina e eritrol, adoçantes 100% naturais. Um suplemento versátil e saboroso, que favorece a manutenção da massa muscular corporal.",,True,4,5,True,0,75.34,129.5,123.02,0,0,26/02/2018,04/03/2030,True,True,76377P.PNG,76377P.PNG,76377P.PNG,,,,Nutrify,,7896311763771,,250,,2,,,60,30,48577,,,3,3,7896311763771,True,False,21,18,21,,76377,Whey Protein Sabor Baunilha 450g Nutrify,Whey-Protein-Baunilha,,Whey Protein Nutrify oferece um blend proteico de alto valor biológico composto por proteína isolada do soro de leite e proteína hidrolisada do soro de leite,"92851,92857,92858,92859,92860,92861,92862,92863,92865,92848"
A,Novidades,5992176,76378,Fiber Balance Neutro 200g Nutrify,0.258,FIBER BALANCE Nutrify oferece um mix de fibras reguladoras – goma guar (Sunfiber®) e inulina,"Um sistema digestivo saudável favorece nosso bem-estar geral, relacionando-se com a absorção mineral e a saúde óssea, melhorando o humor e o desempenho físico e mental. A presença de fibras na alimentação é essencial para que o aparelho gastrointestinal funcione de maneira adequada. FIBER BALANCE Nutrify oferece um mix de fibras reguladoras – goma guar (Sunfiber®) e inulina – que aumenta a presença de bactérias benéficas no organismo, reforçando suas defesas naturais, favorecendo a saciedade e auxiliando no controle dos níveis séricos de açúcar. FIBER BALANCE pode ser adicionado a bebidas ou receitas de sua preferência preservando o sabor original dos alimentos, um prático aliado para aumentar o consumo diário de fibras.",,True,6,5,True,0,37.64,64.7,61.46,0,0,26/02/2018,04/03/2030,True,True,76378P.PNG,76378P.PNG,76378P.PNG,,,,Nutrify,,7896311763788,,250,,2,,,60,30,48577,,,3,3,7896311763788,True,False,21,9,32,,76378,Fiber Balance Neutro 200g Nutrify,Fiber-Balance-Neutro,,FIBER BALANCE Nutrify oferece um mix de fibras reguladoras – goma guar (Sunfiber®) e inulina,"92851,92857,92858,92859,92860,92861,92862,92863,92865,92848"
A,Novidades,5992175,76379,Xilitol 300g Adoçante Natural Nutrify,0.358,"De origem 100% natural, o xilitol é um adoçante extraído das fibras de plantas, frutas e vegetais","De origem 100% natural, o xilitol é um adoçante extraído das fibras de plantas, frutas e vegetais indicado como um substituto do açúcar, mas com expressiva redução calórica. XILITOL Nutrify é livre de corantes artificiais, glúten e lactose, podendo ser consumido por pessoas com restrição de açúcares na dieta, inclusive diabéticos, respeitando a quantidade de 60 g ao dia.",,True,6,5,True,0,28.94,49.4,46.97,0,0,26/02/2018,04/03/2030,True,True,76379P.PNG,76379P.PNG,76379P.PNG,,,,Nutrify,,7896311763795,,250,,2,,,60,30,48577,,,3,3,7896311763795,True,False,21,9,32,,76379,Xilitol 300g Adoçante Natural Nutrify,Xilitol-300g,,"De origem 100% natural, o xilitol é um adoçante extraído das fibras de plantas, frutas e vegetais","92851,92857,92858,92859,92860,92861,92862,92863,92865,92848"
A,Novidades,5992174,76380,Palatinose 300g Nutrify,0.358,"PALATINOSE™ Nutrify oferece a você o nutriente em sua essência, sem glúten, corantes ou aromatizantes artificiais","Oriunda da sacarose, presente na beterraba e outras fontes naturais, a PALATINOSE™ (Isomaltulose) age liberando glicose no organismo de modo gradual, sem provocar picos de insulina. O fornecimento paulatino e duradouro de energia às células torna esse carboidrato um nutriente ideal para praticantes de exercícios de longa duração e todos que buscam fontes energéticas de baixo índice glicêmico. PALATINOSE™ Nutrify oferece a você o nutriente em sua essência, sem glúten, corantes ou aromatizantes artificiais",,True,6,5,True,0,37.64,64.7,61.46,0,0,26/02/2018,04/03/2030,True,True,76380P.PNG,76380P.PNG,76380P.PNG,,,,Nutrify,,7896311763801,,250,,2,,,60,30,48577,,,3,3,7896311763801,True,False,21,9,32,,76380,Palatinose 300g Nutrify,Palatinose-300g,,"PALATINOSE™ Nutrify oferece a você o nutriente em sua essência, sem glúten, corantes ou aromatizantes artificiais","92851,92857,92858,92859,92860,92861,92862,92863,92865,92848"
A,Novidades,5992173,76381,Collagen Renew Sabor Laranja 300g Nutrify,0.358,"COLLAGEN RENEW Nutrify contém peptídeos bioativos de colágeno Verisol®, que ajudam a recuperar a firmeza dos tecidos, melhorando sua aparência. ","A firmeza e a sustentação de nossa pele estão diretamente relacionadas à produção de colágeno pelo organismo, que diminui progressivamente ao longo dos anos, ocasionando flacidez e outros sinais de envelhecimento. COLLAGEN RENEW Nutrify contém peptídeos bioativos de colágeno Verisol®, que ajudam a recuperar a firmeza dos tecidos, melhorando sua aparência. A fórmula limpa de COLLAGEN RENEW Nutrify – sem adição de açúcar, lactose, glúten, corantes e adoçantes artificiais – oferece ainda vitaminas e minerais antioxidantes que favorecem a absorção dos peptídeos e promovem o fortalecimento de unhas e cabelos.",,True,6,5,True,0,52.14,89,84.5,0,0,26/02/2018,04/03/2030,True,True,76381P.PNG,76381P.PNG,76381P.PNG,,,,Nutrify,,7896311763818,,250,,2,,,60,30,48577,,,3,3,7896311763818,True,False,21,9,32,,76381,Collagen Renew Sabor Laranja 300g Nutrify,Collagen-Renew-Laranja,,"COLLAGEN RENEW Nutrify contém peptídeos bioativos de colágeno Verisol®, que ajudam a recuperar a firmeza dos tecidos, melhorando sua aparência. ","92851,92857,92858,92859,92860,92861,92862,92863,92865,92848"
A,Novidades,5992172,76382,Collagen Renew Sabor Limao 300g Nutrify,0.358,"COLLAGEN RENEW Nutrify contém peptídeos bioativos de colágeno Verisol®, que ajudam a recuperar a firmeza dos tecidos, melhorando sua aparência. ","A firmeza e a sustentação de nossa pele estão diretamente relacionadas à produção de colágeno pelo organismo, que diminui progressivamente ao longo dos anos, ocasionando flacidez e outros sinais de envelhecimento. COLLAGEN RENEW Nutrify contém peptídeos bioativos de colágeno Verisol®, que ajudam a recuperar a firmeza dos tecidos, melhorando sua aparência. A fórmula limpa de COLLAGEN RENEW Nutrify – sem adição de açúcar, lactose, glúten, corantes e adoçantes artificiais – oferece ainda vitaminas e minerais antioxidantes que favorecem a absorção dos peptídeos e promovem o fortalecimento de unhas e cabelos.",,True,6,5,True,0,52.14,89,84.5,0,0,26/02/2018,04/03/2030,True,True,76382P.PNG,76382P.PNG,76382P.PNG,,,,Nutrify,,7896311763825,,250,,2,,,60,30,48577,,,3,3,7896311763825,True,False,21,9,32,,76382,Collagen Renew Sabor Limao 300g Nutrify,Collagen-Renew-Limao,,"COLLAGEN RENEW Nutrify contém peptídeos bioativos de colágeno Verisol®, que ajudam a recuperar a firmeza dos tecidos, melhorando sua aparência. ","92851,92857,92858,92859,92860,92861,92862,92863,92865,92848"
A,Novidades,5992171,76383,Collagen Renew Sabor Neutro 300g Nutrify,0.358,"COLLAGEN RENEW Nutrify contém peptídeos bioativos de colágeno Verisol®, que ajudam a recuperar a firmeza dos tecidos, melhorando sua aparência. ","A firmeza e a sustentação de nossa pele estão diretamente relacionadas à produção de colágeno pelo organismo, que diminui progressivamente ao longo dos anos, ocasionando flacidez e outros sinais de envelhecimento. COLLAGEN RENEW Nutrify contém peptídeos bioativos de colágeno Verisol®, que ajudam a recuperar a firmeza dos tecidos, melhorando sua aparência. A fórmula limpa de COLLAGEN RENEW Nutrify – sem adição de açúcar, lactose, glúten, corantes e adoçantes artificiais – oferece ainda vitaminas e minerais antioxidantes que favorecem a absorção dos peptídeos e promovem o fortalecimento de unhas e cabelos.",,True,6,5,True,0,52.14,89,84.5,0,0,26/02/2018,04/03/2030,True,True,76383P.PNG,76383P.PNG,76383P.PNG,,,,Nutrify,,7896311763832,,250,,2,,,60,30,48577,,,3,3,7896311763832,True,False,21,9,32,,76383,Collagen Renew Sabor Neutro 300g Nutrify,Collagen-Renew-Neutro,,"COLLAGEN RENEW Nutrify contém peptídeos bioativos de colágeno Verisol®, que ajudam a recuperar a firmeza dos tecidos, melhorando sua aparência. ","92851,92857,92858,92859,92860,92861,92862,92863,92865,92848"
A,Novidades,5992170,76384,Glutamine 150g Nutrify,0.208,"GLUTAMINE Nutrify ajuda a preservar as células musculares no pós-exercício, proteger o sistema imune e favorecer a saúde intestinal, essencial para a absorção de outros nutrientes.","Atividades físicas intensas, estresse e baixa imunidade são alguns dos fatores que provocam queda na síntese natural de glutamina em nosso organismo, nesses casos, a suplementação desse aminoácido pode ser recomendada. Produzido com matéria-prima Ajinomoto de extrema pureza e alta absorção, isento de glúten, lactose, corantes ou aromatizantes artificiais, GLUTAMINE Nutrify ajuda a preservar as células musculares no pós-exercício, proteger o sistema imune e favorecer a saúde intestinal, essencial para a absorção de outros nutrientes.",,True,6,5,True,0,34.74,59.3,56.33,0,0,26/02/2018,04/03/2030,True,True,76384P.PNG,76384P.PNG,76384P.PNG,,,,Nutrify,,7896311763849,,250,,2,,,60,30,48577,,,3,3,7896311763849,True,False,21,9,32,,76384,Glutamine 150g Nutrify,Glutamine-150g,,"GLUTAMINE Nutrify ajuda a preservar as células musculares no pós-exercício, proteger o sistema imune e favorecer a saúde intestinal, essencial para a absorção de outros nutrientes.","92851,92857,92858,92859,92860,92861,92862,92863,92865,92848"
A,Novidades,5992169,76387,Whey Protein Sabor Cacau 450g Nutrify,0.546,Whey Protein Nutrify oferece um blend proteico de alto valor biológico composto por proteína isolada do soro de leite e proteína hidrolisada do soro de leite,"Um corpo forte e saudável pede uma dieta rica em proteínas. Whey Protein Nutrify oferece um blend proteico de alto valor biológico composto por proteína isolada do soro de leite e proteína hidrolisada do soro de leite, ricas em aminoácidos essenciais, de rápida digestão e com baixos teores de lactose e gordura. A presença da chia, alto teor de fibras, ômega 3, minerais e antioxidantes, enriquecem ainda mais o valor nutricional da fórmula. Whey Protein Nutrify utiliza estévia, taumatina e eritrol, adoçantes 100% naturais. Um suplemento versátil e saboroso, que favorece a manutenção da massa muscular corporal.",,True,4,5,True,0,75.34,129.5,123.02,0,0,26/02/2018,04/03/2030,True,True,76387P.PNG,76387P.PNG,76387P.PNG,,,,Nutrify,,7896311763870,,250,,2,,,60,30,48577,,,3,3,7896311763870,True,False,21,18,21,,76387,Whey Protein Sabor Cacau 450g Nutrify,Whey-Protein-Cacau,,Whey Protein Nutrify oferece um blend proteico de alto valor biológico composto por proteína isolada do soro de leite e proteína hidrolisada do soro de leite,"92851,92857,92858,92859,92860,92861,92862,92863,92865,92848"
A,Novidades,5992168,76392,Veganpro Sabor Baunilha Po 550g Nutrify,0.646,"VEGANPRO NUTRIFY é um suplemento especialmente desenvolvido para fornecer um rico aporte proteico, ofertando 4,5 g de BCAA em cada porção. ","Sua proteina vegana à base de proteínas de arroz e ervilha, com adição de chia em pó, VEGANPRO NUTRIFY é um suplemento especialmente desenvolvido para fornecer um rico aporte proteico, ofertando 4,5 g de BCAA em cada porção. Adicionado de fibras que auxiliam na saúde intestinal, este superalimento é isento de lactose, glúten e tem baixo teor de sódio. VEGANPRO NUTRIFY é também rico em vitamina B12, nutriente importante em dietas vegetarianas e veganas, e não tem adoçantes ou conservantes artificiais em sua fórmula.",,True,4,5,True,0,92.74,159.2,151.1,0,0,26/02/2018,04/03/2030,True,True,76392P.PNG,76392P.PNG,76392P.PNG,,,,Nutrify,,7896311763924,,250,,2,,,60,30,48577,,,3,3,7896311763924,True,False,21,18,21,,76392,Veganpro Sabor Baunilha Po 550g Nutrify,Veganpro-Baunilha,,"VEGANPRO NUTRIFY é um suplemento especialmente desenvolvido para fornecer um rico aporte proteico, ofertando 4,5 g de BCAA em cada porção. ","92851,92857,92858,92859,92860,92861,92862,92863,92865,92848"
A,Novidades,5992167,76393,Veganpro Sabor Cacau Po 550g Nutrify,0.646,"VEGANPRO NUTRIFY é um suplemento especialmente desenvolvido para fornecer um rico aporte proteico, ofertando 4,5 g de BCAA em cada porção. ","Sua proteina vegana à base de proteínas de arroz e ervilha, com adição de chia em pó, VEGANPRO NUTRIFY é um suplemento especialmente desenvolvido para fornecer um rico aporte proteico, ofertando 4,5 g de BCAA em cada porção. Adicionado de fibras que auxiliam na saúde intestinal, este superalimento é isento de lactose, glúten e tem baixo teor de sódio. VEGANPRO NUTRIFY é também rico em vitamina B12, nutriente importante em dietas vegetarianas e veganas, e não tem adoçantes ou conservantes artificiais em sua fórmula.",,True,4,5,True,0,92.74,159.2,151.1,0,0,26/02/2018,04/03/2030,True,True,76393P.PNG,76393P.PNG,76393P.PNG,,,,Nutrify,,7896311763931,,250,,2,,,60,30,48577,,,3,3,7896311763931,True,False,21,18,21,,76393,Veganpro Sabor Cacau Po 550g Nutrify,Veganpro-Cacau,,"VEGANPRO NUTRIFY é um suplemento especialmente desenvolvido para fornecer um rico aporte proteico, ofertando 4,5 g de BCAA em cada porção. ","92851,92857,92858,92859,92860,92861,92862,92863,92865,92848"
A,Novidades,5992166,76394,Veganpro Bar Sabor Baunilha Nibs 10Un Nutrify,0.44,"Barra de proteínas vegetais orgânicas, fibras e compostos bioativos dos alimentos, adoçada com estévia e xilitol.","Barra de proteínas vegetais orgânicas, fibras e compostos bioativos dos alimentos, adoçada com estévia e xilitol. Além de promover um aumento da ingestão desses importantes nutrientes na dieta de modo prático, contribui também para favorecer a saciedade. Display com 10 unidades.",,True,1,5,True,0,57.94,99.8,94.4,0,0,26/02/2018,04/03/2030,True,True,76394P.PNG,76394P.PNG,76394P.PNG,,,,Nutrify,,7896311763948,,250,,2,,,60,30,48577,,,3,3,7896311763948,True,False,21,7,29,,76394,Veganpro Bar Sabor Baunilha Nibs 10Un Nutrify,Veganpro-Bar-Baunilha-10Un,,"Barra de proteínas vegetais orgânicas, fibras e compostos bioativos dos alimentos, adoçada com estévia e xilitol.","92851,92857,92858,92859,92860,92861,92862,92863,92865,92848"
A,Novidades,5992165,76395,Veganpro Bar Sabor Cacau Nibs 10Un Nutrify,0.44,"Barra de proteínas vegetais orgânicas, fibras e compostos bioativos dos alimentos, adoçada com estévia e xilitol.","Barra de proteínas vegetais orgânicas, fibras e compostos bioativos dos alimentos, adoçada com estévia e xilitol. Além de promover um aumento da ingestão desses importantes nutrientes na dieta de modo prático, contribui também para favorecer a saciedade. Display com 10 unidades.",,True,1,5,True,0,57.94,99.8,94.4,0,0,26/02/2018,04/03/2030,True,True,76395P.PNG,76395P.PNG,76395P.PNG,,,,Nutrify,,7896311763955,,250,,2,,,60,30,48577,,,3,3,7896311763955,True,False,21,7,29,,76395,Veganpro Bar Sabor Cacau Nibs 10Un Nutrify,Veganpro-Bar-Cacau-10Un,,"Barra de proteínas vegetais orgânicas, fibras e compostos bioativos dos alimentos, adoçada com estévia e xilitol.","92851,92857,92858,92859,92860,92861,92862,92863,92865,92848"
A,Novidades,5992164,76396,Whey Protein Sabor Chocolate 450g Nutrify,0.546,Whey Protein Nutrify oferece um blend proteico de alto valor biológico composto por proteína isolada do soro de leite e proteína hidrolisada do soro de leite,"Um corpo forte e saudável pede uma dieta rica em proteínas. Whey Protein Nutrify oferece um blend proteico de alto valor biológico composto por proteína isolada do soro de leite e proteína hidrolisada do soro de leite, ricas em aminoácidos essenciais, de rápida digestão e com baixos teores de lactose e gordura. A presença da chia, alto teor de fibras, ômega 3, minerais e antioxidantes, enriquecem ainda mais o valor nutricional da fórmula. Whey Protein Nutrify utiliza estévia, taumatina e eritrol, adoçantes 100% naturais. Um suplemento versátil e saboroso, que favorece a manutenção da massa muscular corporal.",,True,4,5,True,0,75.34,129.5,123.02,0,0,26/02/2018,04/03/2030,True,True,76396P.PNG,76396P.PNG,76396P.PNG,,,,Nutrify,,7896311763962,,250,,2,,,60,30,48577,,,3,3,7896311763962,True,False,21,18,21,,76396,Whey Protein Sabor Chocolate 450g Nutrify,Whey-Protein-Chocolate,,Whey Protein Nutrify oferece um blend proteico de alto valor biológico composto por proteína isolada do soro de leite e proteína hidrolisada do soro de leite,"92851,92857,92858,92859,92860,92861,92862,92863,92865,92848"
A,Novidades,5992163,76397,Collagen Ii 60 Capsulas Nutrify,0.1,"COLLAGEN II Nutrify oferta esses peptídeos em sua forma pura, adicionada de vitaminas antioxidantes (B1, B3, B6, C e E), que favorecem sua absorção. ","A saúde de nossas articulações e nossa mobilidade estão ligadas aos níveis de colágeno tipo II presentes em nosso corpo, que diminuem com o passar dos anos. COLLAGEN II Nutrify oferta esses peptídeos em sua forma pura, adicionada de vitaminas antioxidantes (B1, B3, B6, C e E), que favorecem sua absorção. COLLAGEN II Nutrify não contém açúcar, lactose, glúten e adoçantes artificiais.",,True,6,5,True,0,52.14,89,84.55,0,0,26/02/2018,04/03/2030,True,True,76397P.PNG,76397P.PNG,76397P.PNG,,,,Nutrify,,7896311763979,,250,,2,,,60,30,48577,,,3,3,7896311763979,True,False,14,10,21,,76397,Collagen Ii 60Caps Nutrify,Collagen-Ii,,"COLLAGEN II Nutrify oferta esses peptídeos em sua forma pura, adicionada de vitaminas antioxidantes (B1, B3, B6, C e E), que favorecem sua absorção. ","92851,92857,92858,92859,92860,92861,92862,92863,92865,92848"
A,Novidades,5992160,76493,Tryptophan 60 Capsulas Nutrify,0.067,"TRYPTOPHAN NUTRIFY oferece a você o ingrediente em sua forma pura, livre de corantes e adoçantes artificiais.","A suplementação de triptofano ajuda a prevenir distúrbios relacionados ao stress contribuindo para uma melhor qualidade de sono, humor e memória. Isso porque, em nosso corpo, esse aminoácido essencial age como precursor do neurotransmissor serotonina e do hormônio melatonina, responsáveis pela regulação do sono. TRYPTOPHAN NUTRIFY oferece a você o ingrediente em sua forma pura, livre de corantes e adoçantes artificiais.",,True,6,5,True,0,52.14,89,84.55,0,0,26/02/2018,04/03/2030,True,True,76493P.PNG,76493P.PNG,76493P.PNG,,,,Nutrify,,7896311764938,,250,,2,,,60,30,48577,,,3,3,7896311764938,True,False,14,10,21,,76493,Tryptophan 60 Capsulas Nutrify,Tryptophan,,"TRYPTOPHAN NUTRIFY oferece a você o ingrediente em sua forma pura, livre de corantes e adoçantes artificiais.","92851,92857,92858,92859,92860,92861,92862,92863,92865,92848"
